Elemento,Categoria,Prefab,Ruta,Triangulos,Hijos,Hijos_animables
Fuego,Edificios,Casa_Pequena,Biomes/Fuego/Prefabs/Edificios/Casa_Pequena.prefab,5472,10,5
Fuego,Edificios,Casa_Jugador,Biomes/Fuego/Prefabs/Edificios/Casa_Jugador.prefab,5472,10,5
Fuego,Edificios,Casa_Dos_Estancias,Biomes/Fuego/Prefabs/Edificios/Casa_Dos_Estancias.prefab,5604,10,5
Fuego,Edificios,Posada,Biomes/Fuego/Prefabs/Edificios/Posada.prefab,5604,10,5
Fuego,Edificios,Tienda_Armas,Biomes/Fuego/Prefabs/Edificios/Tienda_Armas.prefab,5340,10,5
Fuego,Edificios,Tienda_Armaduras,Biomes/Fuego/Prefabs/Edificios/Tienda_Armaduras.prefab,5340,10,5
Fuego,Edificios,Tienda_Artefactos,Biomes/Fuego/Prefabs/Edificios/Tienda_Artefactos.prefab,5340,10,5
Fuego,Edificios,Herreria,Biomes/Fuego/Prefabs/Edificios/Herreria.prefab,5384,10,5
Fuego,Edificios,Archivo,Biomes/Fuego/Prefabs/Edificios/Archivo.prefab,5516,10,5
Fuego,Edificios,Santuario,Biomes/Fuego/Prefabs/Edificios/Santuario.prefab,5596,10,5
Fuego,Edificios,Mercado_Negro,Biomes/Fuego/Prefabs/Edificios/Mercado_Negro.prefab,5340,10,5
Fuego,Edificios,Museo,Biomes/Fuego/Prefabs/Edificios/Museo.prefab,5516,10,5
Fuego,Modulos,Suelo_2m,Biomes/Fuego/Prefabs/Modulos/Suelo_2m.prefab,44,1,0
Fuego,Modulos,Suelo_4m,Biomes/Fuego/Prefabs/Modulos/Suelo_4m.prefab,44,1,0
Fuego,Modulos,Calle_Recta,Biomes/Fuego/Prefabs/Modulos/Calle_Recta.prefab,396,1,0
Fuego,Modulos,Cruce,Biomes/Fuego/Prefabs/Modulos/Cruce.prefab,396,1,0
Fuego,Modulos,Calle_Curva,Biomes/Fuego/Prefabs/Modulos/Calle_Curva.prefab,528,1,0
Fuego,Modulos,Bordillo,Biomes/Fuego/Prefabs/Modulos/Bordillo.prefab,44,1,0
Fuego,Modulos,Muro_2m,Biomes/Fuego/Prefabs/Modulos/Muro_2m.prefab,44,1,0
Fuego,Modulos,Muro_Puerta,Biomes/Fuego/Prefabs/Modulos/Muro_Puerta.prefab,132,1,0
Fuego,Modulos,Muro_Ventana,Biomes/Fuego/Prefabs/Modulos/Muro_Ventana.prefab,176,1,0
Fuego,Modulos,Pilar,Biomes/Fuego/Prefabs/Modulos/Pilar.prefab,88,1,0
Fuego,Modulos,Escalones,Biomes/Fuego/Prefabs/Modulos/Escalones.prefab,132,1,0
Fuego,Modulos,Rampa,Biomes/Fuego/Prefabs/Modulos/Rampa.prefab,44,1,0
Fuego,Modulos,Pasarela,Biomes/Fuego/Prefabs/Modulos/Pasarela.prefab,704,1,0
Fuego,Modulos,Muralla,Biomes/Fuego/Prefabs/Modulos/Muralla.prefab,88,1,0
Fuego,Modulos,Porton,Biomes/Fuego/Prefabs/Modulos/Porton.prefab,1100,3,2
Fuego,Modulos,Escalera_Interior,Biomes/Fuego/Prefabs/Modulos/Escalera_Interior.prefab,792,1,0
Fuego,Modulos,Tejado_Modular,Biomes/Fuego/Prefabs/Modulos/Tejado_Modular.prefab,44,1,0
Fuego,Modulos,Toldo,Biomes/Fuego/Prefabs/Modulos/Toldo.prefab,44,1,0
Fuego,Modulos,Barandilla,Biomes/Fuego/Prefabs/Modulos/Barandilla.prefab,264,1,0
Fuego,Modulos,Acequia,Biomes/Fuego/Prefabs/Modulos/Acequia.prefab,132,1,0
Fuego,Props,Puente_Madera,Biomes/Fuego/Prefabs/Props/Puente_Madera.prefab,7656,1,0
Fuego,Props,Banco_Respaldo,Biomes/Fuego/Prefabs/Props/Banco_Respaldo.prefab,660,1,0
Fuego,Props,Banco_Simple,Biomes/Fuego/Prefabs/Props/Banco_Simple.prefab,484,1,0
Fuego,Props,Mesa_Picnic,Biomes/Fuego/Prefabs/Props/Mesa_Picnic.prefab,704,1,0
Fuego,Props,Taburete,Biomes/Fuego/Prefabs/Props/Taburete.prefab,336,1,0
Fuego,Props,Silla,Biomes/Fuego/Prefabs/Props/Silla.prefab,528,1,0
Fuego,Props,Farola,Biomes/Fuego/Prefabs/Props/Farola.prefab,624,3,1
Fuego,Props,Farol_Pared,Biomes/Fuego/Prefabs/Props/Farol_Pared.prefab,624,3,1
Fuego,Props,Valla_Tablillas,Biomes/Fuego/Prefabs/Props/Valla_Tablillas.prefab,660,1,0
Fuego,Props,Valla_Travesanos,Biomes/Fuego/Prefabs/Props/Valla_Travesanos.prefab,264,1,0
Fuego,Props,Valla_Cruzada,Biomes/Fuego/Prefabs/Props/Valla_Cruzada.prefab,352,1,0
Fuego,Props,Valla_Esquina,Biomes/Fuego/Prefabs/Props/Valla_Esquina.prefab,308,1,0
Fuego,Props,Portilla,Biomes/Fuego/Prefabs/Props/Portilla.prefab,572,2,1
Fuego,Props,Bolardo,Biomes/Fuego/Prefabs/Props/Bolardo.prefab,496,1,0
Fuego,Props,Senal_Blanca,Biomes/Fuego/Prefabs/Props/Senal_Blanca.prefab,132,1,0
Fuego,Props,Barril_Cerrado,Biomes/Fuego/Prefabs/Props/Barril_Cerrado.prefab,1632,2,1
Fuego,Props,Barril_Abierto,Biomes/Fuego/Prefabs/Props/Barril_Abierto.prefab,1472,1,0
Fuego,Props,Caja_Cerrada,Biomes/Fuego/Prefabs/Props/Caja_Cerrada.prefab,968,2,1
Fuego,Props,Caja_Abierta,Biomes/Fuego/Prefabs/Props/Caja_Abierta.prefab,924,1,0
Fuego,Props,Tablones_Apilados,Biomes/Fuego/Prefabs/Props/Tablones_Apilados.prefab,792,1,0
Fuego,Props,Lenero,Biomes/Fuego/Prefabs/Props/Lenero.prefab,1704,1,0
Fuego,Props,Carro_Mano,Biomes/Fuego/Prefabs/Props/Carro_Mano.prefab,2752,3,2
Fuego,Props,Carretilla,Biomes/Fuego/Prefabs/Props/Carretilla.prefab,1288,2,1
Fuego,Props,Pozo,Biomes/Fuego/Prefabs/Props/Pozo.prefab,696,4,1
Fuego,Props,Abrevadero,Biomes/Fuego/Prefabs/Props/Abrevadero.prefab,308,1,0
Fuego,Props,Cubo,Biomes/Fuego/Prefabs/Props/Cubo.prefab,496,2,1
Fuego,Props,Saco,Biomes/Fuego/Prefabs/Props/Saco.prefab,704,1,0
Fuego,Props,Escalera,Biomes/Fuego/Prefabs/Props/Escalera.prefab,1368,1,0
Fuego,Props,Puesto_Sencillo,Biomes/Fuego/Prefabs/Props/Puesto_Sencillo.prefab,660,1,0
Fuego,Props,Jardinera,Biomes/Fuego/Prefabs/Props/Jardinera.prefab,748,1,0
Fuego,Props,Cama,Biomes/Fuego/Prefabs/Props/Cama.prefab,220,1,0
Fuego,Props,Armario,Biomes/Fuego/Prefabs/Props/Armario.prefab,1232,3,2
Fuego,Props,Cofre,Biomes/Fuego/Prefabs/Props/Cofre.prefab,264,2,1
Fuego,Props,Mesa_Interior,Biomes/Fuego/Prefabs/Props/Mesa_Interior.prefab,220,1,0
Fuego,Props,Estanteria,Biomes/Fuego/Prefabs/Props/Estanteria.prefab,264,1,0
Fuego,Props,Mostrador,Biomes/Fuego/Prefabs/Props/Mostrador.prefab,88,1,0
Fuego,Props,Cocina,Biomes/Fuego/Prefabs/Props/Cocina.prefab,556,1,0
Fuego,Props,Alfombra,Biomes/Fuego/Prefabs/Props/Alfombra.prefab,44,1,0
Fuego,Props,Puerta,Biomes/Fuego/Prefabs/Props/Puerta.prefab,484,1,1
Fuego,Props,Contraventana,Biomes/Fuego/Prefabs/Props/Contraventana.prefab,264,1,1
Fuego,Props,Trampilla,Biomes/Fuego/Prefabs/Props/Trampilla.prefab,44,1,1
Fuego,Props,Veleta,Biomes/Fuego/Prefabs/Props/Veleta.prefab,336,2,1
Fuego,Sistemas,Portal,Biomes/Fuego/Prefabs/Sistemas/Portal.prefab,476,2,1
Fuego,Sistemas,Altar_Sacrificio,Biomes/Fuego/Prefabs/Sistemas/Altar_Sacrificio.prefab,520,2,0
Fuego,Sistemas,Forja,Biomes/Fuego/Prefabs/Sistemas/Forja.prefab,176,2,1
Fuego,Sistemas,Yunque,Biomes/Fuego/Prefabs/Sistemas/Yunque.prefab,132,1,0
Fuego,Sistemas,Entrenamiento,Biomes/Fuego/Prefabs/Sistemas/Entrenamiento.prefab,364,2,1
Fuego,Sistemas,Vitrina,Biomes/Fuego/Prefabs/Sistemas/Vitrina.prefab,132,2,1
Fuego,Sistemas,Expositor_Armas,Biomes/Fuego/Prefabs/Sistemas/Expositor_Armas.prefab,396,1,0
Fuego,Sistemas,Pedestal_Trofeo,Biomes/Fuego/Prefabs/Sistemas/Pedestal_Trofeo.prefab,288,1,0
Fuego,Sistemas,Fuente_Purificacion,Biomes/Fuego/Prefabs/Sistemas/Fuente_Purificacion.prefab,816,2,0
Fuego,Sistemas,Jardin_Memorias,Biomes/Fuego/Prefabs/Sistemas/Jardin_Memorias.prefab,308,2,0
Trueno,Edificios,Casa_Pequena,Biomes/Trueno/Prefabs/Edificios/Casa_Pequena.prefab,5660,12,5
Trueno,Edificios,Casa_Jugador,Biomes/Trueno/Prefabs/Edificios/Casa_Jugador.prefab,5660,12,5
Trueno,Edificios,Casa_Dos_Estancias,Biomes/Trueno/Prefabs/Edificios/Casa_Dos_Estancias.prefab,5792,12,5
Trueno,Edificios,Posada,Biomes/Trueno/Prefabs/Edificios/Posada.prefab,5792,12,5
Trueno,Edificios,Tienda_Armas,Biomes/Trueno/Prefabs/Edificios/Tienda_Armas.prefab,5528,12,5
Trueno,Edificios,Tienda_Armaduras,Biomes/Trueno/Prefabs/Edificios/Tienda_Armaduras.prefab,5528,12,5
Trueno,Edificios,Tienda_Artefactos,Biomes/Trueno/Prefabs/Edificios/Tienda_Artefactos.prefab,5528,12,5
Trueno,Edificios,Herreria,Biomes/Trueno/Prefabs/Edificios/Herreria.prefab,5572,12,5
Trueno,Edificios,Archivo,Biomes/Trueno/Prefabs/Edificios/Archivo.prefab,5704,12,5
Trueno,Edificios,Santuario,Biomes/Trueno/Prefabs/Edificios/Santuario.prefab,5784,12,5
Trueno,Edificios,Mercado_Negro,Biomes/Trueno/Prefabs/Edificios/Mercado_Negro.prefab,5528,12,5
Trueno,Edificios,Museo,Biomes/Trueno/Prefabs/Edificios/Museo.prefab,5704,12,5
Trueno,Modulos,Suelo_2m,Biomes/Trueno/Prefabs/Modulos/Suelo_2m.prefab,44,1,0
Trueno,Modulos,Suelo_4m,Biomes/Trueno/Prefabs/Modulos/Suelo_4m.prefab,44,1,0
Trueno,Modulos,Calle_Recta,Biomes/Trueno/Prefabs/Modulos/Calle_Recta.prefab,396,1,0
Trueno,Modulos,Cruce,Biomes/Trueno/Prefabs/Modulos/Cruce.prefab,396,1,0
Trueno,Modulos,Calle_Curva,Biomes/Trueno/Prefabs/Modulos/Calle_Curva.prefab,528,1,0
Trueno,Modulos,Bordillo,Biomes/Trueno/Prefabs/Modulos/Bordillo.prefab,44,1,0
Trueno,Modulos,Muro_2m,Biomes/Trueno/Prefabs/Modulos/Muro_2m.prefab,44,1,0
Trueno,Modulos,Muro_Puerta,Biomes/Trueno/Prefabs/Modulos/Muro_Puerta.prefab,132,1,0
Trueno,Modulos,Muro_Ventana,Biomes/Trueno/Prefabs/Modulos/Muro_Ventana.prefab,176,1,0
Trueno,Modulos,Pilar,Biomes/Trueno/Prefabs/Modulos/Pilar.prefab,88,1,0
Trueno,Modulos,Escalones,Biomes/Trueno/Prefabs/Modulos/Escalones.prefab,132,1,0
Trueno,Modulos,Rampa,Biomes/Trueno/Prefabs/Modulos/Rampa.prefab,44,1,0
Trueno,Modulos,Pasarela,Biomes/Trueno/Prefabs/Modulos/Pasarela.prefab,704,1,0
Trueno,Modulos,Muralla,Biomes/Trueno/Prefabs/Modulos/Muralla.prefab,88,1,0
Trueno,Modulos,Porton,Biomes/Trueno/Prefabs/Modulos/Porton.prefab,1100,3,2
Trueno,Modulos,Escalera_Interior,Biomes/Trueno/Prefabs/Modulos/Escalera_Interior.prefab,792,1,0
Trueno,Modulos,Tejado_Modular,Biomes/Trueno/Prefabs/Modulos/Tejado_Modular.prefab,44,1,0
Trueno,Modulos,Toldo,Biomes/Trueno/Prefabs/Modulos/Toldo.prefab,44,1,0
Trueno,Modulos,Barandilla,Biomes/Trueno/Prefabs/Modulos/Barandilla.prefab,264,1,0
Trueno,Modulos,Acequia,Biomes/Trueno/Prefabs/Modulos/Acequia.prefab,132,1,0
Trueno,Props,Puente_Madera,Biomes/Trueno/Prefabs/Props/Puente_Madera.prefab,7656,1,0
Trueno,Props,Banco_Respaldo,Biomes/Trueno/Prefabs/Props/Banco_Respaldo.prefab,660,1,0
Trueno,Props,Banco_Simple,Biomes/Trueno/Prefabs/Props/Banco_Simple.prefab,484,1,0
Trueno,Props,Mesa_Picnic,Biomes/Trueno/Prefabs/Props/Mesa_Picnic.prefab,704,1,0
Trueno,Props,Taburete,Biomes/Trueno/Prefabs/Props/Taburete.prefab,336,1,0
Trueno,Props,Silla,Biomes/Trueno/Prefabs/Props/Silla.prefab,528,1,0
Trueno,Props,Farola,Biomes/Trueno/Prefabs/Props/Farola.prefab,624,3,1
Trueno,Props,Farol_Pared,Biomes/Trueno/Prefabs/Props/Farol_Pared.prefab,624,3,1
Trueno,Props,Valla_Tablillas,Biomes/Trueno/Prefabs/Props/Valla_Tablillas.prefab,660,1,0
Trueno,Props,Valla_Travesanos,Biomes/Trueno/Prefabs/Props/Valla_Travesanos.prefab,264,1,0
Trueno,Props,Valla_Cruzada,Biomes/Trueno/Prefabs/Props/Valla_Cruzada.prefab,352,1,0
Trueno,Props,Valla_Esquina,Biomes/Trueno/Prefabs/Props/Valla_Esquina.prefab,308,1,0
Trueno,Props,Portilla,Biomes/Trueno/Prefabs/Props/Portilla.prefab,572,2,1
Trueno,Props,Bolardo,Biomes/Trueno/Prefabs/Props/Bolardo.prefab,496,1,0
Trueno,Props,Senal_Blanca,Biomes/Trueno/Prefabs/Props/Senal_Blanca.prefab,132,1,0
Trueno,Props,Barril_Cerrado,Biomes/Trueno/Prefabs/Props/Barril_Cerrado.prefab,1632,2,1
Trueno,Props,Barril_Abierto,Biomes/Trueno/Prefabs/Props/Barril_Abierto.prefab,1472,1,0
Trueno,Props,Caja_Cerrada,Biomes/Trueno/Prefabs/Props/Caja_Cerrada.prefab,968,2,1
Trueno,Props,Caja_Abierta,Biomes/Trueno/Prefabs/Props/Caja_Abierta.prefab,924,1,0
Trueno,Props,Tablones_Apilados,Biomes/Trueno/Prefabs/Props/Tablones_Apilados.prefab,792,1,0
Trueno,Props,Lenero,Biomes/Trueno/Prefabs/Props/Lenero.prefab,1704,1,0
Trueno,Props,Carro_Mano,Biomes/Trueno/Prefabs/Props/Carro_Mano.prefab,2752,3,2
Trueno,Props,Carretilla,Biomes/Trueno/Prefabs/Props/Carretilla.prefab,1288,2,1
Trueno,Props,Pozo,Biomes/Trueno/Prefabs/Props/Pozo.prefab,696,4,1
Trueno,Props,Abrevadero,Biomes/Trueno/Prefabs/Props/Abrevadero.prefab,308,1,0
Trueno,Props,Cubo,Biomes/Trueno/Prefabs/Props/Cubo.prefab,496,2,1
Trueno,Props,Saco,Biomes/Trueno/Prefabs/Props/Saco.prefab,704,1,0
Trueno,Props,Escalera,Biomes/Trueno/Prefabs/Props/Escalera.prefab,1368,1,0
Trueno,Props,Puesto_Sencillo,Biomes/Trueno/Prefabs/Props/Puesto_Sencillo.prefab,660,1,0
Trueno,Props,Jardinera,Biomes/Trueno/Prefabs/Props/Jardinera.prefab,748,1,0
Trueno,Props,Cama,Biomes/Trueno/Prefabs/Props/Cama.prefab,220,1,0
Trueno,Props,Armario,Biomes/Trueno/Prefabs/Props/Armario.prefab,1232,3,2
Trueno,Props,Cofre,Biomes/Trueno/Prefabs/Props/Cofre.prefab,264,2,1
Trueno,Props,Mesa_Interior,Biomes/Trueno/Prefabs/Props/Mesa_Interior.prefab,220,1,0
Trueno,Props,Estanteria,Biomes/Trueno/Prefabs/Props/Estanteria.prefab,264,1,0
Trueno,Props,Mostrador,Biomes/Trueno/Prefabs/Props/Mostrador.prefab,88,1,0
Trueno,Props,Cocina,Biomes/Trueno/Prefabs/Props/Cocina.prefab,556,1,0
Trueno,Props,Alfombra,Biomes/Trueno/Prefabs/Props/Alfombra.prefab,44,1,0
Trueno,Props,Puerta,Biomes/Trueno/Prefabs/Props/Puerta.prefab,484,1,1
Trueno,Props,Contraventana,Biomes/Trueno/Prefabs/Props/Contraventana.prefab,264,1,1
Trueno,Props,Trampilla,Biomes/Trueno/Prefabs/Props/Trampilla.prefab,44,1,1
Trueno,Props,Veleta,Biomes/Trueno/Prefabs/Props/Veleta.prefab,336,2,1
Trueno,Sistemas,Portal,Biomes/Trueno/Prefabs/Sistemas/Portal.prefab,476,2,1
Trueno,Sistemas,Altar_Sacrificio,Biomes/Trueno/Prefabs/Sistemas/Altar_Sacrificio.prefab,476,2,0
Trueno,Sistemas,Forja,Biomes/Trueno/Prefabs/Sistemas/Forja.prefab,176,2,1
Trueno,Sistemas,Yunque,Biomes/Trueno/Prefabs/Sistemas/Yunque.prefab,132,1,0
Trueno,Sistemas,Entrenamiento,Biomes/Trueno/Prefabs/Sistemas/Entrenamiento.prefab,364,2,1
Trueno,Sistemas,Vitrina,Biomes/Trueno/Prefabs/Sistemas/Vitrina.prefab,132,2,1
Trueno,Sistemas,Expositor_Armas,Biomes/Trueno/Prefabs/Sistemas/Expositor_Armas.prefab,396,1,0
Trueno,Sistemas,Pedestal_Trofeo,Biomes/Trueno/Prefabs/Sistemas/Pedestal_Trofeo.prefab,288,1,0
Trueno,Sistemas,Fuente_Purificacion,Biomes/Trueno/Prefabs/Sistemas/Fuente_Purificacion.prefab,772,2,0
Trueno,Sistemas,Jardin_Memorias,Biomes/Trueno/Prefabs/Sistemas/Jardin_Memorias.prefab,264,2,0
Luz,Edificios,Casa_Pequena,Biomes/Luz/Prefabs/Edificios/Casa_Pequena.prefab,5816,10,5
Luz,Edificios,Casa_Jugador,Biomes/Luz/Prefabs/Edificios/Casa_Jugador.prefab,5816,10,5
Luz,Edificios,Casa_Dos_Estancias,Biomes/Luz/Prefabs/Edificios/Casa_Dos_Estancias.prefab,5948,10,5
Luz,Edificios,Posada,Biomes/Luz/Prefabs/Edificios/Posada.prefab,5948,10,5
Luz,Edificios,Tienda_Armas,Biomes/Luz/Prefabs/Edificios/Tienda_Armas.prefab,5684,10,5
Luz,Edificios,Tienda_Armaduras,Biomes/Luz/Prefabs/Edificios/Tienda_Armaduras.prefab,5684,10,5
Luz,Edificios,Tienda_Artefactos,Biomes/Luz/Prefabs/Edificios/Tienda_Artefactos.prefab,5684,10,5
Luz,Edificios,Herreria,Biomes/Luz/Prefabs/Edificios/Herreria.prefab,5728,10,5
Luz,Edificios,Archivo,Biomes/Luz/Prefabs/Edificios/Archivo.prefab,5860,10,5
Luz,Edificios,Santuario,Biomes/Luz/Prefabs/Edificios/Santuario.prefab,5940,10,5
Luz,Edificios,Mercado_Negro,Biomes/Luz/Prefabs/Edificios/Mercado_Negro.prefab,5684,10,5
Luz,Edificios,Museo,Biomes/Luz/Prefabs/Edificios/Museo.prefab,5860,10,5
Luz,Modulos,Suelo_2m,Biomes/Luz/Prefabs/Modulos/Suelo_2m.prefab,44,1,0
Luz,Modulos,Suelo_4m,Biomes/Luz/Prefabs/Modulos/Suelo_4m.prefab,44,1,0
Luz,Modulos,Calle_Recta,Biomes/Luz/Prefabs/Modulos/Calle_Recta.prefab,396,1,0
Luz,Modulos,Cruce,Biomes/Luz/Prefabs/Modulos/Cruce.prefab,396,1,0
Luz,Modulos,Calle_Curva,Biomes/Luz/Prefabs/Modulos/Calle_Curva.prefab,528,1,0
Luz,Modulos,Bordillo,Biomes/Luz/Prefabs/Modulos/Bordillo.prefab,44,1,0
Luz,Modulos,Muro_2m,Biomes/Luz/Prefabs/Modulos/Muro_2m.prefab,44,1,0
Luz,Modulos,Muro_Puerta,Biomes/Luz/Prefabs/Modulos/Muro_Puerta.prefab,132,1,0
Luz,Modulos,Muro_Ventana,Biomes/Luz/Prefabs/Modulos/Muro_Ventana.prefab,176,1,0
Luz,Modulos,Pilar,Biomes/Luz/Prefabs/Modulos/Pilar.prefab,88,1,0
Luz,Modulos,Escalones,Biomes/Luz/Prefabs/Modulos/Escalones.prefab,132,1,0
Luz,Modulos,Rampa,Biomes/Luz/Prefabs/Modulos/Rampa.prefab,44,1,0
Luz,Modulos,Pasarela,Biomes/Luz/Prefabs/Modulos/Pasarela.prefab,704,1,0
Luz,Modulos,Muralla,Biomes/Luz/Prefabs/Modulos/Muralla.prefab,88,1,0
Luz,Modulos,Porton,Biomes/Luz/Prefabs/Modulos/Porton.prefab,1100,3,2
Luz,Modulos,Escalera_Interior,Biomes/Luz/Prefabs/Modulos/Escalera_Interior.prefab,792,1,0
Luz,Modulos,Tejado_Modular,Biomes/Luz/Prefabs/Modulos/Tejado_Modular.prefab,44,1,0
Luz,Modulos,Toldo,Biomes/Luz/Prefabs/Modulos/Toldo.prefab,44,1,0
Luz,Modulos,Barandilla,Biomes/Luz/Prefabs/Modulos/Barandilla.prefab,264,1,0
Luz,Modulos,Acequia,Biomes/Luz/Prefabs/Modulos/Acequia.prefab,132,1,0
Luz,Props,Puente_Madera,Biomes/Luz/Prefabs/Props/Puente_Madera.prefab,7656,1,0
Luz,Props,Banco_Respaldo,Biomes/Luz/Prefabs/Props/Banco_Respaldo.prefab,660,1,0
Luz,Props,Banco_Simple,Biomes/Luz/Prefabs/Props/Banco_Simple.prefab,484,1,0
Luz,Props,Mesa_Picnic,Biomes/Luz/Prefabs/Props/Mesa_Picnic.prefab,704,1,0
Luz,Props,Taburete,Biomes/Luz/Prefabs/Props/Taburete.prefab,336,1,0
Luz,Props,Silla,Biomes/Luz/Prefabs/Props/Silla.prefab,528,1,0
Luz,Props,Farola,Biomes/Luz/Prefabs/Props/Farola.prefab,624,3,1
Luz,Props,Farol_Pared,Biomes/Luz/Prefabs/Props/Farol_Pared.prefab,624,3,1
Luz,Props,Valla_Tablillas,Biomes/Luz/Prefabs/Props/Valla_Tablillas.prefab,660,1,0
Luz,Props,Valla_Travesanos,Biomes/Luz/Prefabs/Props/Valla_Travesanos.prefab,264,1,0
Luz,Props,Valla_Cruzada,Biomes/Luz/Prefabs/Props/Valla_Cruzada.prefab,352,1,0
Luz,Props,Valla_Esquina,Biomes/Luz/Prefabs/Props/Valla_Esquina.prefab,308,1,0
Luz,Props,Portilla,Biomes/Luz/Prefabs/Props/Portilla.prefab,572,2,1
Luz,Props,Bolardo,Biomes/Luz/Prefabs/Props/Bolardo.prefab,496,1,0
Luz,Props,Senal_Blanca,Biomes/Luz/Prefabs/Props/Senal_Blanca.prefab,132,1,0
Luz,Props,Barril_Cerrado,Biomes/Luz/Prefabs/Props/Barril_Cerrado.prefab,1632,2,1
Luz,Props,Barril_Abierto,Biomes/Luz/Prefabs/Props/Barril_Abierto.prefab,1472,1,0
Luz,Props,Caja_Cerrada,Biomes/Luz/Prefabs/Props/Caja_Cerrada.prefab,968,2,1
Luz,Props,Caja_Abierta,Biomes/Luz/Prefabs/Props/Caja_Abierta.prefab,924,1,0
Luz,Props,Tablones_Apilados,Biomes/Luz/Prefabs/Props/Tablones_Apilados.prefab,792,1,0
Luz,Props,Lenero,Biomes/Luz/Prefabs/Props/Lenero.prefab,1704,1,0
Luz,Props,Carro_Mano,Biomes/Luz/Prefabs/Props/Carro_Mano.prefab,2752,3,2
Luz,Props,Carretilla,Biomes/Luz/Prefabs/Props/Carretilla.prefab,1288,2,1
Luz,Props,Pozo,Biomes/Luz/Prefabs/Props/Pozo.prefab,696,4,1
Luz,Props,Abrevadero,Biomes/Luz/Prefabs/Props/Abrevadero.prefab,308,1,0
Luz,Props,Cubo,Biomes/Luz/Prefabs/Props/Cubo.prefab,496,2,1
Luz,Props,Saco,Biomes/Luz/Prefabs/Props/Saco.prefab,704,1,0
Luz,Props,Escalera,Biomes/Luz/Prefabs/Props/Escalera.prefab,1368,1,0
Luz,Props,Puesto_Sencillo,Biomes/Luz/Prefabs/Props/Puesto_Sencillo.prefab,660,1,0
Luz,Props,Jardinera,Biomes/Luz/Prefabs/Props/Jardinera.prefab,748,1,0
Luz,Props,Cama,Biomes/Luz/Prefabs/Props/Cama.prefab,220,1,0
Luz,Props,Armario,Biomes/Luz/Prefabs/Props/Armario.prefab,1232,3,2
Luz,Props,Cofre,Biomes/Luz/Prefabs/Props/Cofre.prefab,264,2,1
Luz,Props,Mesa_Interior,Biomes/Luz/Prefabs/Props/Mesa_Interior.prefab,220,1,0
Luz,Props,Estanteria,Biomes/Luz/Prefabs/Props/Estanteria.prefab,264,1,0
Luz,Props,Mostrador,Biomes/Luz/Prefabs/Props/Mostrador.prefab,88,1,0
Luz,Props,Cocina,Biomes/Luz/Prefabs/Props/Cocina.prefab,556,1,0
Luz,Props,Alfombra,Biomes/Luz/Prefabs/Props/Alfombra.prefab,44,1,0
Luz,Props,Puerta,Biomes/Luz/Prefabs/Props/Puerta.prefab,484,1,1
Luz,Props,Contraventana,Biomes/Luz/Prefabs/Props/Contraventana.prefab,264,1,1
Luz,Props,Trampilla,Biomes/Luz/Prefabs/Props/Trampilla.prefab,44,1,1
Luz,Props,Veleta,Biomes/Luz/Prefabs/Props/Veleta.prefab,336,2,1
Luz,Sistemas,Portal,Biomes/Luz/Prefabs/Sistemas/Portal.prefab,476,2,1
Luz,Sistemas,Altar_Sacrificio,Biomes/Luz/Prefabs/Sistemas/Altar_Sacrificio.prefab,952,2,0
Luz,Sistemas,Forja,Biomes/Luz/Prefabs/Sistemas/Forja.prefab,176,2,1
Luz,Sistemas,Yunque,Biomes/Luz/Prefabs/Sistemas/Yunque.prefab,132,1,0
Luz,Sistemas,Entrenamiento,Biomes/Luz/Prefabs/Sistemas/Entrenamiento.prefab,364,2,1
Luz,Sistemas,Vitrina,Biomes/Luz/Prefabs/Sistemas/Vitrina.prefab,132,2,1
Luz,Sistemas,Expositor_Armas,Biomes/Luz/Prefabs/Sistemas/Expositor_Armas.prefab,396,1,0
Luz,Sistemas,Pedestal_Trofeo,Biomes/Luz/Prefabs/Sistemas/Pedestal_Trofeo.prefab,288,1,0
Luz,Sistemas,Fuente_Purificacion,Biomes/Luz/Prefabs/Sistemas/Fuente_Purificacion.prefab,1248,2,0
Luz,Sistemas,Jardin_Memorias,Biomes/Luz/Prefabs/Sistemas/Jardin_Memorias.prefab,740,2,0
Oscuridad,Edificios,Casa_Pequena,Biomes/Oscuridad/Prefabs/Edificios/Casa_Pequena.prefab,5776,12,5
Oscuridad,Edificios,Casa_Jugador,Biomes/Oscuridad/Prefabs/Edificios/Casa_Jugador.prefab,5776,12,5
Oscuridad,Edificios,Casa_Dos_Estancias,Biomes/Oscuridad/Prefabs/Edificios/Casa_Dos_Estancias.prefab,5908,12,5
Oscuridad,Edificios,Posada,Biomes/Oscuridad/Prefabs/Edificios/Posada.prefab,5908,12,5
Oscuridad,Edificios,Tienda_Armas,Biomes/Oscuridad/Prefabs/Edificios/Tienda_Armas.prefab,5644,12,5
Oscuridad,Edificios,Tienda_Armaduras,Biomes/Oscuridad/Prefabs/Edificios/Tienda_Armaduras.prefab,5644,12,5
Oscuridad,Edificios,Tienda_Artefactos,Biomes/Oscuridad/Prefabs/Edificios/Tienda_Artefactos.prefab,5644,12,5
Oscuridad,Edificios,Herreria,Biomes/Oscuridad/Prefabs/Edificios/Herreria.prefab,5688,12,5
Oscuridad,Edificios,Archivo,Biomes/Oscuridad/Prefabs/Edificios/Archivo.prefab,5820,12,5
Oscuridad,Edificios,Santuario,Biomes/Oscuridad/Prefabs/Edificios/Santuario.prefab,5900,12,5
Oscuridad,Edificios,Mercado_Negro,Biomes/Oscuridad/Prefabs/Edificios/Mercado_Negro.prefab,5644,12,5
Oscuridad,Edificios,Museo,Biomes/Oscuridad/Prefabs/Edificios/Museo.prefab,5820,12,5
Oscuridad,Modulos,Suelo_2m,Biomes/Oscuridad/Prefabs/Modulos/Suelo_2m.prefab,44,1,0
Oscuridad,Modulos,Suelo_4m,Biomes/Oscuridad/Prefabs/Modulos/Suelo_4m.prefab,44,1,0
Oscuridad,Modulos,Calle_Recta,Biomes/Oscuridad/Prefabs/Modulos/Calle_Recta.prefab,396,1,0
Oscuridad,Modulos,Cruce,Biomes/Oscuridad/Prefabs/Modulos/Cruce.prefab,396,1,0
Oscuridad,Modulos,Calle_Curva,Biomes/Oscuridad/Prefabs/Modulos/Calle_Curva.prefab,528,1,0
Oscuridad,Modulos,Bordillo,Biomes/Oscuridad/Prefabs/Modulos/Bordillo.prefab,44,1,0
Oscuridad,Modulos,Muro_2m,Biomes/Oscuridad/Prefabs/Modulos/Muro_2m.prefab,44,1,0
Oscuridad,Modulos,Muro_Puerta,Biomes/Oscuridad/Prefabs/Modulos/Muro_Puerta.prefab,132,1,0
Oscuridad,Modulos,Muro_Ventana,Biomes/Oscuridad/Prefabs/Modulos/Muro_Ventana.prefab,176,1,0
Oscuridad,Modulos,Pilar,Biomes/Oscuridad/Prefabs/Modulos/Pilar.prefab,88,1,0
Oscuridad,Modulos,Escalones,Biomes/Oscuridad/Prefabs/Modulos/Escalones.prefab,132,1,0
Oscuridad,Modulos,Rampa,Biomes/Oscuridad/Prefabs/Modulos/Rampa.prefab,44,1,0
Oscuridad,Modulos,Pasarela,Biomes/Oscuridad/Prefabs/Modulos/Pasarela.prefab,704,1,0
Oscuridad,Modulos,Muralla,Biomes/Oscuridad/Prefabs/Modulos/Muralla.prefab,88,1,0
Oscuridad,Modulos,Porton,Biomes/Oscuridad/Prefabs/Modulos/Porton.prefab,1100,3,2
Oscuridad,Modulos,Escalera_Interior,Biomes/Oscuridad/Prefabs/Modulos/Escalera_Interior.prefab,792,1,0
Oscuridad,Modulos,Tejado_Modular,Biomes/Oscuridad/Prefabs/Modulos/Tejado_Modular.prefab,44,1,0
Oscuridad,Modulos,Toldo,Biomes/Oscuridad/Prefabs/Modulos/Toldo.prefab,44,1,0
Oscuridad,Modulos,Barandilla,Biomes/Oscuridad/Prefabs/Modulos/Barandilla.prefab,264,1,0
Oscuridad,Modulos,Acequia,Biomes/Oscuridad/Prefabs/Modulos/Acequia.prefab,132,1,0
Oscuridad,Props,Puente_Madera,Biomes/Oscuridad/Prefabs/Props/Puente_Madera.prefab,7656,1,0
Oscuridad,Props,Banco_Respaldo,Biomes/Oscuridad/Prefabs/Props/Banco_Respaldo.prefab,660,1,0
Oscuridad,Props,Banco_Simple,Biomes/Oscuridad/Prefabs/Props/Banco_Simple.prefab,484,1,0
Oscuridad,Props,Mesa_Picnic,Biomes/Oscuridad/Prefabs/Props/Mesa_Picnic.prefab,704,1,0
Oscuridad,Props,Taburete,Biomes/Oscuridad/Prefabs/Props/Taburete.prefab,336,1,0
Oscuridad,Props,Silla,Biomes/Oscuridad/Prefabs/Props/Silla.prefab,528,1,0
Oscuridad,Props,Farola,Biomes/Oscuridad/Prefabs/Props/Farola.prefab,624,3,1
Oscuridad,Props,Farol_Pared,Biomes/Oscuridad/Prefabs/Props/Farol_Pared.prefab,624,3,1
Oscuridad,Props,Valla_Tablillas,Biomes/Oscuridad/Prefabs/Props/Valla_Tablillas.prefab,660,1,0
Oscuridad,Props,Valla_Travesanos,Biomes/Oscuridad/Prefabs/Props/Valla_Travesanos.prefab,264,1,0
Oscuridad,Props,Valla_Cruzada,Biomes/Oscuridad/Prefabs/Props/Valla_Cruzada.prefab,352,1,0
Oscuridad,Props,Valla_Esquina,Biomes/Oscuridad/Prefabs/Props/Valla_Esquina.prefab,308,1,0
Oscuridad,Props,Portilla,Biomes/Oscuridad/Prefabs/Props/Portilla.prefab,572,2,1
Oscuridad,Props,Bolardo,Biomes/Oscuridad/Prefabs/Props/Bolardo.prefab,496,1,0
Oscuridad,Props,Senal_Blanca,Biomes/Oscuridad/Prefabs/Props/Senal_Blanca.prefab,132,1,0
Oscuridad,Props,Barril_Cerrado,Biomes/Oscuridad/Prefabs/Props/Barril_Cerrado.prefab,1632,2,1
Oscuridad,Props,Barril_Abierto,Biomes/Oscuridad/Prefabs/Props/Barril_Abierto.prefab,1472,1,0
Oscuridad,Props,Caja_Cerrada,Biomes/Oscuridad/Prefabs/Props/Caja_Cerrada.prefab,968,2,1
Oscuridad,Props,Caja_Abierta,Biomes/Oscuridad/Prefabs/Props/Caja_Abierta.prefab,924,1,0
Oscuridad,Props,Tablones_Apilados,Biomes/Oscuridad/Prefabs/Props/Tablones_Apilados.prefab,792,1,0
Oscuridad,Props,Lenero,Biomes/Oscuridad/Prefabs/Props/Lenero.prefab,1704,1,0
Oscuridad,Props,Carro_Mano,Biomes/Oscuridad/Prefabs/Props/Carro_Mano.prefab,2752,3,2
Oscuridad,Props,Carretilla,Biomes/Oscuridad/Prefabs/Props/Carretilla.prefab,1288,2,1
Oscuridad,Props,Pozo,Biomes/Oscuridad/Prefabs/Props/Pozo.prefab,696,4,1
Oscuridad,Props,Abrevadero,Biomes/Oscuridad/Prefabs/Props/Abrevadero.prefab,308,1,0
Oscuridad,Props,Cubo,Biomes/Oscuridad/Prefabs/Props/Cubo.prefab,496,2,1
Oscuridad,Props,Saco,Biomes/Oscuridad/Prefabs/Props/Saco.prefab,704,1,0
Oscuridad,Props,Escalera,Biomes/Oscuridad/Prefabs/Props/Escalera.prefab,1368,1,0
Oscuridad,Props,Puesto_Sencillo,Biomes/Oscuridad/Prefabs/Props/Puesto_Sencillo.prefab,660,1,0
Oscuridad,Props,Jardinera,Biomes/Oscuridad/Prefabs/Props/Jardinera.prefab,748,1,0
Oscuridad,Props,Cama,Biomes/Oscuridad/Prefabs/Props/Cama.prefab,220,1,0
Oscuridad,Props,Armario,Biomes/Oscuridad/Prefabs/Props/Armario.prefab,1232,3,2
Oscuridad,Props,Cofre,Biomes/Oscuridad/Prefabs/Props/Cofre.prefab,264,2,1
Oscuridad,Props,Mesa_Interior,Biomes/Oscuridad/Prefabs/Props/Mesa_Interior.prefab,220,1,0
Oscuridad,Props,Estanteria,Biomes/Oscuridad/Prefabs/Props/Estanteria.prefab,264,1,0
Oscuridad,Props,Mostrador,Biomes/Oscuridad/Prefabs/Props/Mostrador.prefab,88,1,0
Oscuridad,Props,Cocina,Biomes/Oscuridad/Prefabs/Props/Cocina.prefab,556,1,0
Oscuridad,Props,Alfombra,Biomes/Oscuridad/Prefabs/Props/Alfombra.prefab,44,1,0
Oscuridad,Props,Puerta,Biomes/Oscuridad/Prefabs/Props/Puerta.prefab,484,1,1
Oscuridad,Props,Contraventana,Biomes/Oscuridad/Prefabs/Props/Contraventana.prefab,264,1,1
Oscuridad,Props,Trampilla,Biomes/Oscuridad/Prefabs/Props/Trampilla.prefab,44,1,1
Oscuridad,Props,Veleta,Biomes/Oscuridad/Prefabs/Props/Veleta.prefab,336,2,1
Oscuridad,Sistemas,Portal,Biomes/Oscuridad/Prefabs/Sistemas/Portal.prefab,476,2,1
Oscuridad,Sistemas,Altar_Sacrificio,Biomes/Oscuridad/Prefabs/Sistemas/Altar_Sacrificio.prefab,592,2,0
Oscuridad,Sistemas,Forja,Biomes/Oscuridad/Prefabs/Sistemas/Forja.prefab,176,2,1
Oscuridad,Sistemas,Yunque,Biomes/Oscuridad/Prefabs/Sistemas/Yunque.prefab,132,1,0
Oscuridad,Sistemas,Entrenamiento,Biomes/Oscuridad/Prefabs/Sistemas/Entrenamiento.prefab,364,2,1
Oscuridad,Sistemas,Vitrina,Biomes/Oscuridad/Prefabs/Sistemas/Vitrina.prefab,132,2,1
Oscuridad,Sistemas,Expositor_Armas,Biomes/Oscuridad/Prefabs/Sistemas/Expositor_Armas.prefab,396,1,0
Oscuridad,Sistemas,Pedestal_Trofeo,Biomes/Oscuridad/Prefabs/Sistemas/Pedestal_Trofeo.prefab,288,1,0
Oscuridad,Sistemas,Fuente_Purificacion,Biomes/Oscuridad/Prefabs/Sistemas/Fuente_Purificacion.prefab,888,2,0
Oscuridad,Sistemas,Jardin_Memorias,Biomes/Oscuridad/Prefabs/Sistemas/Jardin_Memorias.prefab,380,2,0
Agua,Edificios,Casa_Pequena,Biomes/Agua/Prefabs/Edificios/Casa_Pequena.prefab,6044,10,5
Agua,Edificios,Casa_Jugador,Biomes/Agua/Prefabs/Edificios/Casa_Jugador.prefab,6044,10,5
Agua,Edificios,Casa_Dos_Estancias,Biomes/Agua/Prefabs/Edificios/Casa_Dos_Estancias.prefab,6176,10,5
Agua,Edificios,Posada,Biomes/Agua/Prefabs/Edificios/Posada.prefab,6176,10,5
Agua,Edificios,Tienda_Armas,Biomes/Agua/Prefabs/Edificios/Tienda_Armas.prefab,5912,10,5
Agua,Edificios,Tienda_Armaduras,Biomes/Agua/Prefabs/Edificios/Tienda_Armaduras.prefab,5912,10,5
Agua,Edificios,Tienda_Artefactos,Biomes/Agua/Prefabs/Edificios/Tienda_Artefactos.prefab,5912,10,5
Agua,Edificios,Herreria,Biomes/Agua/Prefabs/Edificios/Herreria.prefab,5956,10,5
Agua,Edificios,Archivo,Biomes/Agua/Prefabs/Edificios/Archivo.prefab,6088,10,5
Agua,Edificios,Santuario,Biomes/Agua/Prefabs/Edificios/Santuario.prefab,6168,10,5
Agua,Edificios,Mercado_Negro,Biomes/Agua/Prefabs/Edificios/Mercado_Negro.prefab,5912,10,5
Agua,Edificios,Museo,Biomes/Agua/Prefabs/Edificios/Museo.prefab,6088,10,5
Agua,Modulos,Suelo_2m,Biomes/Agua/Prefabs/Modulos/Suelo_2m.prefab,44,1,0
Agua,Modulos,Suelo_4m,Biomes/Agua/Prefabs/Modulos/Suelo_4m.prefab,44,1,0
Agua,Modulos,Calle_Recta,Biomes/Agua/Prefabs/Modulos/Calle_Recta.prefab,396,1,0
Agua,Modulos,Cruce,Biomes/Agua/Prefabs/Modulos/Cruce.prefab,396,1,0
Agua,Modulos,Calle_Curva,Biomes/Agua/Prefabs/Modulos/Calle_Curva.prefab,528,1,0
Agua,Modulos,Bordillo,Biomes/Agua/Prefabs/Modulos/Bordillo.prefab,44,1,0
Agua,Modulos,Muro_2m,Biomes/Agua/Prefabs/Modulos/Muro_2m.prefab,44,1,0
Agua,Modulos,Muro_Puerta,Biomes/Agua/Prefabs/Modulos/Muro_Puerta.prefab,132,1,0
Agua,Modulos,Muro_Ventana,Biomes/Agua/Prefabs/Modulos/Muro_Ventana.prefab,176,1,0
Agua,Modulos,Pilar,Biomes/Agua/Prefabs/Modulos/Pilar.prefab,88,1,0
Agua,Modulos,Escalones,Biomes/Agua/Prefabs/Modulos/Escalones.prefab,132,1,0
Agua,Modulos,Rampa,Biomes/Agua/Prefabs/Modulos/Rampa.prefab,44,1,0
Agua,Modulos,Pasarela,Biomes/Agua/Prefabs/Modulos/Pasarela.prefab,704,1,0
Agua,Modulos,Muralla,Biomes/Agua/Prefabs/Modulos/Muralla.prefab,88,1,0
Agua,Modulos,Porton,Biomes/Agua/Prefabs/Modulos/Porton.prefab,1100,3,2
Agua,Modulos,Escalera_Interior,Biomes/Agua/Prefabs/Modulos/Escalera_Interior.prefab,792,1,0
Agua,Modulos,Tejado_Modular,Biomes/Agua/Prefabs/Modulos/Tejado_Modular.prefab,44,1,0
Agua,Modulos,Toldo,Biomes/Agua/Prefabs/Modulos/Toldo.prefab,44,1,0
Agua,Modulos,Barandilla,Biomes/Agua/Prefabs/Modulos/Barandilla.prefab,264,1,0
Agua,Modulos,Acequia,Biomes/Agua/Prefabs/Modulos/Acequia.prefab,132,1,0
Agua,Props,Puente_Madera,Biomes/Agua/Prefabs/Props/Puente_Madera.prefab,7656,1,0
Agua,Props,Banco_Respaldo,Biomes/Agua/Prefabs/Props/Banco_Respaldo.prefab,660,1,0
Agua,Props,Banco_Simple,Biomes/Agua/Prefabs/Props/Banco_Simple.prefab,484,1,0
Agua,Props,Mesa_Picnic,Biomes/Agua/Prefabs/Props/Mesa_Picnic.prefab,704,1,0
Agua,Props,Taburete,Biomes/Agua/Prefabs/Props/Taburete.prefab,336,1,0
Agua,Props,Silla,Biomes/Agua/Prefabs/Props/Silla.prefab,528,1,0
Agua,Props,Farola,Biomes/Agua/Prefabs/Props/Farola.prefab,624,3,1
Agua,Props,Farol_Pared,Biomes/Agua/Prefabs/Props/Farol_Pared.prefab,624,3,1
Agua,Props,Valla_Tablillas,Biomes/Agua/Prefabs/Props/Valla_Tablillas.prefab,660,1,0
Agua,Props,Valla_Travesanos,Biomes/Agua/Prefabs/Props/Valla_Travesanos.prefab,264,1,0
Agua,Props,Valla_Cruzada,Biomes/Agua/Prefabs/Props/Valla_Cruzada.prefab,352,1,0
Agua,Props,Valla_Esquina,Biomes/Agua/Prefabs/Props/Valla_Esquina.prefab,308,1,0
Agua,Props,Portilla,Biomes/Agua/Prefabs/Props/Portilla.prefab,572,2,1
Agua,Props,Bolardo,Biomes/Agua/Prefabs/Props/Bolardo.prefab,496,1,0
Agua,Props,Senal_Blanca,Biomes/Agua/Prefabs/Props/Senal_Blanca.prefab,132,1,0
Agua,Props,Barril_Cerrado,Biomes/Agua/Prefabs/Props/Barril_Cerrado.prefab,1632,2,1
Agua,Props,Barril_Abierto,Biomes/Agua/Prefabs/Props/Barril_Abierto.prefab,1472,1,0
Agua,Props,Caja_Cerrada,Biomes/Agua/Prefabs/Props/Caja_Cerrada.prefab,968,2,1
Agua,Props,Caja_Abierta,Biomes/Agua/Prefabs/Props/Caja_Abierta.prefab,924,1,0
Agua,Props,Tablones_Apilados,Biomes/Agua/Prefabs/Props/Tablones_Apilados.prefab,792,1,0
Agua,Props,Lenero,Biomes/Agua/Prefabs/Props/Lenero.prefab,1704,1,0
Agua,Props,Carro_Mano,Biomes/Agua/Prefabs/Props/Carro_Mano.prefab,2752,3,2
Agua,Props,Carretilla,Biomes/Agua/Prefabs/Props/Carretilla.prefab,1288,2,1
Agua,Props,Pozo,Biomes/Agua/Prefabs/Props/Pozo.prefab,696,4,1
Agua,Props,Abrevadero,Biomes/Agua/Prefabs/Props/Abrevadero.prefab,308,1,0
Agua,Props,Cubo,Biomes/Agua/Prefabs/Props/Cubo.prefab,496,2,1
Agua,Props,Saco,Biomes/Agua/Prefabs/Props/Saco.prefab,704,1,0
Agua,Props,Escalera,Biomes/Agua/Prefabs/Props/Escalera.prefab,1368,1,0
Agua,Props,Puesto_Sencillo,Biomes/Agua/Prefabs/Props/Puesto_Sencillo.prefab,660,1,0
Agua,Props,Jardinera,Biomes/Agua/Prefabs/Props/Jardinera.prefab,748,1,0
Agua,Props,Cama,Biomes/Agua/Prefabs/Props/Cama.prefab,220,1,0
Agua,Props,Armario,Biomes/Agua/Prefabs/Props/Armario.prefab,1232,3,2
Agua,Props,Cofre,Biomes/Agua/Prefabs/Props/Cofre.prefab,264,2,1
Agua,Props,Mesa_Interior,Biomes/Agua/Prefabs/Props/Mesa_Interior.prefab,220,1,0
Agua,Props,Estanteria,Biomes/Agua/Prefabs/Props/Estanteria.prefab,264,1,0
Agua,Props,Mostrador,Biomes/Agua/Prefabs/Props/Mostrador.prefab,88,1,0
Agua,Props,Cocina,Biomes/Agua/Prefabs/Props/Cocina.prefab,556,1,0
Agua,Props,Alfombra,Biomes/Agua/Prefabs/Props/Alfombra.prefab,44,1,0
Agua,Props,Puerta,Biomes/Agua/Prefabs/Props/Puerta.prefab,484,1,1
Agua,Props,Contraventana,Biomes/Agua/Prefabs/Props/Contraventana.prefab,264,1,1
Agua,Props,Trampilla,Biomes/Agua/Prefabs/Props/Trampilla.prefab,44,1,1
Agua,Props,Veleta,Biomes/Agua/Prefabs/Props/Veleta.prefab,336,2,1
Agua,Sistemas,Portal,Biomes/Agua/Prefabs/Sistemas/Portal.prefab,476,2,1
Agua,Sistemas,Altar_Sacrificio,Biomes/Agua/Prefabs/Sistemas/Altar_Sacrificio.prefab,1048,2,0
Agua,Sistemas,Forja,Biomes/Agua/Prefabs/Sistemas/Forja.prefab,176,2,1
Agua,Sistemas,Yunque,Biomes/Agua/Prefabs/Sistemas/Yunque.prefab,132,1,0
Agua,Sistemas,Entrenamiento,Biomes/Agua/Prefabs/Sistemas/Entrenamiento.prefab,364,2,1
Agua,Sistemas,Vitrina,Biomes/Agua/Prefabs/Sistemas/Vitrina.prefab,132,2,1
Agua,Sistemas,Expositor_Armas,Biomes/Agua/Prefabs/Sistemas/Expositor_Armas.prefab,396,1,0
Agua,Sistemas,Pedestal_Trofeo,Biomes/Agua/Prefabs/Sistemas/Pedestal_Trofeo.prefab,288,1,0
Agua,Sistemas,Fuente_Purificacion,Biomes/Agua/Prefabs/Sistemas/Fuente_Purificacion.prefab,1344,2,0
Agua,Sistemas,Jardin_Memorias,Biomes/Agua/Prefabs/Sistemas/Jardin_Memorias.prefab,836,2,0
Tierra,Edificios,Casa_Pequena,Biomes/Tierra/Prefabs/Edificios/Casa_Pequena.prefab,5428,10,5
Tierra,Edificios,Casa_Jugador,Biomes/Tierra/Prefabs/Edificios/Casa_Jugador.prefab,5428,10,5
Tierra,Edificios,Casa_Dos_Estancias,Biomes/Tierra/Prefabs/Edificios/Casa_Dos_Estancias.prefab,5560,10,5
Tierra,Edificios,Posada,Biomes/Tierra/Prefabs/Edificios/Posada.prefab,5560,10,5
Tierra,Edificios,Tienda_Armas,Biomes/Tierra/Prefabs/Edificios/Tienda_Armas.prefab,5296,10,5
Tierra,Edificios,Tienda_Armaduras,Biomes/Tierra/Prefabs/Edificios/Tienda_Armaduras.prefab,5296,10,5
Tierra,Edificios,Tienda_Artefactos,Biomes/Tierra/Prefabs/Edificios/Tienda_Artefactos.prefab,5296,10,5
Tierra,Edificios,Herreria,Biomes/Tierra/Prefabs/Edificios/Herreria.prefab,5340,10,5
Tierra,Edificios,Archivo,Biomes/Tierra/Prefabs/Edificios/Archivo.prefab,5472,10,5
Tierra,Edificios,Santuario,Biomes/Tierra/Prefabs/Edificios/Santuario.prefab,5552,10,5
Tierra,Edificios,Mercado_Negro,Biomes/Tierra/Prefabs/Edificios/Mercado_Negro.prefab,5296,10,5
Tierra,Edificios,Museo,Biomes/Tierra/Prefabs/Edificios/Museo.prefab,5472,10,5
Tierra,Modulos,Suelo_2m,Biomes/Tierra/Prefabs/Modulos/Suelo_2m.prefab,44,1,0
Tierra,Modulos,Suelo_4m,Biomes/Tierra/Prefabs/Modulos/Suelo_4m.prefab,44,1,0
Tierra,Modulos,Calle_Recta,Biomes/Tierra/Prefabs/Modulos/Calle_Recta.prefab,396,1,0
Tierra,Modulos,Cruce,Biomes/Tierra/Prefabs/Modulos/Cruce.prefab,396,1,0
Tierra,Modulos,Calle_Curva,Biomes/Tierra/Prefabs/Modulos/Calle_Curva.prefab,528,1,0
Tierra,Modulos,Bordillo,Biomes/Tierra/Prefabs/Modulos/Bordillo.prefab,44,1,0
Tierra,Modulos,Muro_2m,Biomes/Tierra/Prefabs/Modulos/Muro_2m.prefab,44,1,0
Tierra,Modulos,Muro_Puerta,Biomes/Tierra/Prefabs/Modulos/Muro_Puerta.prefab,132,1,0
Tierra,Modulos,Muro_Ventana,Biomes/Tierra/Prefabs/Modulos/Muro_Ventana.prefab,176,1,0
Tierra,Modulos,Pilar,Biomes/Tierra/Prefabs/Modulos/Pilar.prefab,88,1,0
Tierra,Modulos,Escalones,Biomes/Tierra/Prefabs/Modulos/Escalones.prefab,132,1,0
Tierra,Modulos,Rampa,Biomes/Tierra/Prefabs/Modulos/Rampa.prefab,44,1,0
Tierra,Modulos,Pasarela,Biomes/Tierra/Prefabs/Modulos/Pasarela.prefab,704,1,0
Tierra,Modulos,Muralla,Biomes/Tierra/Prefabs/Modulos/Muralla.prefab,88,1,0
Tierra,Modulos,Porton,Biomes/Tierra/Prefabs/Modulos/Porton.prefab,1100,3,2
Tierra,Modulos,Escalera_Interior,Biomes/Tierra/Prefabs/Modulos/Escalera_Interior.prefab,792,1,0
Tierra,Modulos,Tejado_Modular,Biomes/Tierra/Prefabs/Modulos/Tejado_Modular.prefab,44,1,0
Tierra,Modulos,Toldo,Biomes/Tierra/Prefabs/Modulos/Toldo.prefab,44,1,0
Tierra,Modulos,Barandilla,Biomes/Tierra/Prefabs/Modulos/Barandilla.prefab,264,1,0
Tierra,Modulos,Acequia,Biomes/Tierra/Prefabs/Modulos/Acequia.prefab,132,1,0
Tierra,Props,Puente_Madera,Biomes/Tierra/Prefabs/Props/Puente_Madera.prefab,7656,1,0
Tierra,Props,Banco_Respaldo,Biomes/Tierra/Prefabs/Props/Banco_Respaldo.prefab,660,1,0
Tierra,Props,Banco_Simple,Biomes/Tierra/Prefabs/Props/Banco_Simple.prefab,484,1,0
Tierra,Props,Mesa_Picnic,Biomes/Tierra/Prefabs/Props/Mesa_Picnic.prefab,704,1,0
Tierra,Props,Taburete,Biomes/Tierra/Prefabs/Props/Taburete.prefab,336,1,0
Tierra,Props,Silla,Biomes/Tierra/Prefabs/Props/Silla.prefab,528,1,0
Tierra,Props,Farola,Biomes/Tierra/Prefabs/Props/Farola.prefab,624,3,1
Tierra,Props,Farol_Pared,Biomes/Tierra/Prefabs/Props/Farol_Pared.prefab,624,3,1
Tierra,Props,Valla_Tablillas,Biomes/Tierra/Prefabs/Props/Valla_Tablillas.prefab,660,1,0
Tierra,Props,Valla_Travesanos,Biomes/Tierra/Prefabs/Props/Valla_Travesanos.prefab,264,1,0
Tierra,Props,Valla_Cruzada,Biomes/Tierra/Prefabs/Props/Valla_Cruzada.prefab,352,1,0
Tierra,Props,Valla_Esquina,Biomes/Tierra/Prefabs/Props/Valla_Esquina.prefab,308,1,0
Tierra,Props,Portilla,Biomes/Tierra/Prefabs/Props/Portilla.prefab,572,2,1
Tierra,Props,Bolardo,Biomes/Tierra/Prefabs/Props/Bolardo.prefab,496,1,0
Tierra,Props,Senal_Blanca,Biomes/Tierra/Prefabs/Props/Senal_Blanca.prefab,132,1,0
Tierra,Props,Barril_Cerrado,Biomes/Tierra/Prefabs/Props/Barril_Cerrado.prefab,1632,2,1
Tierra,Props,Barril_Abierto,Biomes/Tierra/Prefabs/Props/Barril_Abierto.prefab,1472,1,0
Tierra,Props,Caja_Cerrada,Biomes/Tierra/Prefabs/Props/Caja_Cerrada.prefab,968,2,1
Tierra,Props,Caja_Abierta,Biomes/Tierra/Prefabs/Props/Caja_Abierta.prefab,924,1,0
Tierra,Props,Tablones_Apilados,Biomes/Tierra/Prefabs/Props/Tablones_Apilados.prefab,792,1,0
Tierra,Props,Lenero,Biomes/Tierra/Prefabs/Props/Lenero.prefab,1704,1,0
Tierra,Props,Carro_Mano,Biomes/Tierra/Prefabs/Props/Carro_Mano.prefab,2752,3,2
Tierra,Props,Carretilla,Biomes/Tierra/Prefabs/Props/Carretilla.prefab,1288,2,1
Tierra,Props,Pozo,Biomes/Tierra/Prefabs/Props/Pozo.prefab,696,4,1
Tierra,Props,Abrevadero,Biomes/Tierra/Prefabs/Props/Abrevadero.prefab,308,1,0
Tierra,Props,Cubo,Biomes/Tierra/Prefabs/Props/Cubo.prefab,496,2,1
Tierra,Props,Saco,Biomes/Tierra/Prefabs/Props/Saco.prefab,704,1,0
Tierra,Props,Escalera,Biomes/Tierra/Prefabs/Props/Escalera.prefab,1368,1,0
Tierra,Props,Puesto_Sencillo,Biomes/Tierra/Prefabs/Props/Puesto_Sencillo.prefab,660,1,0
Tierra,Props,Jardinera,Biomes/Tierra/Prefabs/Props/Jardinera.prefab,748,1,0
Tierra,Props,Cama,Biomes/Tierra/Prefabs/Props/Cama.prefab,220,1,0
Tierra,Props,Armario,Biomes/Tierra/Prefabs/Props/Armario.prefab,1232,3,2
Tierra,Props,Cofre,Biomes/Tierra/Prefabs/Props/Cofre.prefab,264,2,1
Tierra,Props,Mesa_Interior,Biomes/Tierra/Prefabs/Props/Mesa_Interior.prefab,220,1,0
Tierra,Props,Estanteria,Biomes/Tierra/Prefabs/Props/Estanteria.prefab,264,1,0
Tierra,Props,Mostrador,Biomes/Tierra/Prefabs/Props/Mostrador.prefab,88,1,0
Tierra,Props,Cocina,Biomes/Tierra/Prefabs/Props/Cocina.prefab,556,1,0
Tierra,Props,Alfombra,Biomes/Tierra/Prefabs/Props/Alfombra.prefab,44,1,0
Tierra,Props,Puerta,Biomes/Tierra/Prefabs/Props/Puerta.prefab,484,1,1
Tierra,Props,Contraventana,Biomes/Tierra/Prefabs/Props/Contraventana.prefab,264,1,1
Tierra,Props,Trampilla,Biomes/Tierra/Prefabs/Props/Trampilla.prefab,44,1,1
Tierra,Props,Veleta,Biomes/Tierra/Prefabs/Props/Veleta.prefab,336,2,1
Tierra,Sistemas,Portal,Biomes/Tierra/Prefabs/Sistemas/Portal.prefab,476,2,1
Tierra,Sistemas,Altar_Sacrificio,Biomes/Tierra/Prefabs/Sistemas/Altar_Sacrificio.prefab,388,2,0
Tierra,Sistemas,Forja,Biomes/Tierra/Prefabs/Sistemas/Forja.prefab,176,2,1
Tierra,Sistemas,Yunque,Biomes/Tierra/Prefabs/Sistemas/Yunque.prefab,132,1,0
Tierra,Sistemas,Entrenamiento,Biomes/Tierra/Prefabs/Sistemas/Entrenamiento.prefab,364,2,1
Tierra,Sistemas,Vitrina,Biomes/Tierra/Prefabs/Sistemas/Vitrina.prefab,132,2,1
Tierra,Sistemas,Expositor_Armas,Biomes/Tierra/Prefabs/Sistemas/Expositor_Armas.prefab,396,1,0
Tierra,Sistemas,Pedestal_Trofeo,Biomes/Tierra/Prefabs/Sistemas/Pedestal_Trofeo.prefab,288,1,0
Tierra,Sistemas,Fuente_Purificacion,Biomes/Tierra/Prefabs/Sistemas/Fuente_Purificacion.prefab,684,2,0
Tierra,Sistemas,Jardin_Memorias,Biomes/Tierra/Prefabs/Sistemas/Jardin_Memorias.prefab,176,2,0
Viento,Edificios,Casa_Pequena,Biomes/Viento/Prefabs/Edificios/Casa_Pequena.prefab,5516,10,5
Viento,Edificios,Casa_Jugador,Biomes/Viento/Prefabs/Edificios/Casa_Jugador.prefab,5516,10,5
Viento,Edificios,Casa_Dos_Estancias,Biomes/Viento/Prefabs/Edificios/Casa_Dos_Estancias.prefab,5648,10,5
Viento,Edificios,Posada,Biomes/Viento/Prefabs/Edificios/Posada.prefab,5648,10,5
Viento,Edificios,Tienda_Armas,Biomes/Viento/Prefabs/Edificios/Tienda_Armas.prefab,5384,10,5
Viento,Edificios,Tienda_Armaduras,Biomes/Viento/Prefabs/Edificios/Tienda_Armaduras.prefab,5384,10,5
Viento,Edificios,Tienda_Artefactos,Biomes/Viento/Prefabs/Edificios/Tienda_Artefactos.prefab,5384,10,5
Viento,Edificios,Herreria,Biomes/Viento/Prefabs/Edificios/Herreria.prefab,5428,10,5
Viento,Edificios,Archivo,Biomes/Viento/Prefabs/Edificios/Archivo.prefab,5560,10,5
Viento,Edificios,Santuario,Biomes/Viento/Prefabs/Edificios/Santuario.prefab,5640,10,5
Viento,Edificios,Mercado_Negro,Biomes/Viento/Prefabs/Edificios/Mercado_Negro.prefab,5384,10,5
Viento,Edificios,Museo,Biomes/Viento/Prefabs/Edificios/Museo.prefab,5560,10,5
Viento,Modulos,Suelo_2m,Biomes/Viento/Prefabs/Modulos/Suelo_2m.prefab,44,1,0
Viento,Modulos,Suelo_4m,Biomes/Viento/Prefabs/Modulos/Suelo_4m.prefab,44,1,0
Viento,Modulos,Calle_Recta,Biomes/Viento/Prefabs/Modulos/Calle_Recta.prefab,396,1,0
Viento,Modulos,Cruce,Biomes/Viento/Prefabs/Modulos/Cruce.prefab,396,1,0
Viento,Modulos,Calle_Curva,Biomes/Viento/Prefabs/Modulos/Calle_Curva.prefab,528,1,0
Viento,Modulos,Bordillo,Biomes/Viento/Prefabs/Modulos/Bordillo.prefab,44,1,0
Viento,Modulos,Muro_2m,Biomes/Viento/Prefabs/Modulos/Muro_2m.prefab,44,1,0
Viento,Modulos,Muro_Puerta,Biomes/Viento/Prefabs/Modulos/Muro_Puerta.prefab,132,1,0
Viento,Modulos,Muro_Ventana,Biomes/Viento/Prefabs/Modulos/Muro_Ventana.prefab,176,1,0
Viento,Modulos,Pilar,Biomes/Viento/Prefabs/Modulos/Pilar.prefab,88,1,0
Viento,Modulos,Escalones,Biomes/Viento/Prefabs/Modulos/Escalones.prefab,132,1,0
Viento,Modulos,Rampa,Biomes/Viento/Prefabs/Modulos/Rampa.prefab,44,1,0
Viento,Modulos,Pasarela,Biomes/Viento/Prefabs/Modulos/Pasarela.prefab,704,1,0
Viento,Modulos,Muralla,Biomes/Viento/Prefabs/Modulos/Muralla.prefab,88,1,0
Viento,Modulos,Porton,Biomes/Viento/Prefabs/Modulos/Porton.prefab,1100,3,2
Viento,Modulos,Escalera_Interior,Biomes/Viento/Prefabs/Modulos/Escalera_Interior.prefab,792,1,0
Viento,Modulos,Tejado_Modular,Biomes/Viento/Prefabs/Modulos/Tejado_Modular.prefab,44,1,0
Viento,Modulos,Toldo,Biomes/Viento/Prefabs/Modulos/Toldo.prefab,44,1,0
Viento,Modulos,Barandilla,Biomes/Viento/Prefabs/Modulos/Barandilla.prefab,264,1,0
Viento,Modulos,Acequia,Biomes/Viento/Prefabs/Modulos/Acequia.prefab,132,1,0
Viento,Props,Puente_Madera,Biomes/Viento/Prefabs/Props/Puente_Madera.prefab,7656,1,0
Viento,Props,Banco_Respaldo,Biomes/Viento/Prefabs/Props/Banco_Respaldo.prefab,660,1,0
Viento,Props,Banco_Simple,Biomes/Viento/Prefabs/Props/Banco_Simple.prefab,484,1,0
Viento,Props,Mesa_Picnic,Biomes/Viento/Prefabs/Props/Mesa_Picnic.prefab,704,1,0
Viento,Props,Taburete,Biomes/Viento/Prefabs/Props/Taburete.prefab,336,1,0
Viento,Props,Silla,Biomes/Viento/Prefabs/Props/Silla.prefab,528,1,0
Viento,Props,Farola,Biomes/Viento/Prefabs/Props/Farola.prefab,624,3,1
Viento,Props,Farol_Pared,Biomes/Viento/Prefabs/Props/Farol_Pared.prefab,624,3,1
Viento,Props,Valla_Tablillas,Biomes/Viento/Prefabs/Props/Valla_Tablillas.prefab,660,1,0
Viento,Props,Valla_Travesanos,Biomes/Viento/Prefabs/Props/Valla_Travesanos.prefab,264,1,0
Viento,Props,Valla_Cruzada,Biomes/Viento/Prefabs/Props/Valla_Cruzada.prefab,352,1,0
Viento,Props,Valla_Esquina,Biomes/Viento/Prefabs/Props/Valla_Esquina.prefab,308,1,0
Viento,Props,Portilla,Biomes/Viento/Prefabs/Props/Portilla.prefab,572,2,1
Viento,Props,Bolardo,Biomes/Viento/Prefabs/Props/Bolardo.prefab,496,1,0
Viento,Props,Senal_Blanca,Biomes/Viento/Prefabs/Props/Senal_Blanca.prefab,132,1,0
Viento,Props,Barril_Cerrado,Biomes/Viento/Prefabs/Props/Barril_Cerrado.prefab,1632,2,1
Viento,Props,Barril_Abierto,Biomes/Viento/Prefabs/Props/Barril_Abierto.prefab,1472,1,0
Viento,Props,Caja_Cerrada,Biomes/Viento/Prefabs/Props/Caja_Cerrada.prefab,968,2,1
Viento,Props,Caja_Abierta,Biomes/Viento/Prefabs/Props/Caja_Abierta.prefab,924,1,0
Viento,Props,Tablones_Apilados,Biomes/Viento/Prefabs/Props/Tablones_Apilados.prefab,792,1,0
Viento,Props,Lenero,Biomes/Viento/Prefabs/Props/Lenero.prefab,1704,1,0
Viento,Props,Carro_Mano,Biomes/Viento/Prefabs/Props/Carro_Mano.prefab,2752,3,2
Viento,Props,Carretilla,Biomes/Viento/Prefabs/Props/Carretilla.prefab,1288,2,1
Viento,Props,Pozo,Biomes/Viento/Prefabs/Props/Pozo.prefab,696,4,1
Viento,Props,Abrevadero,Biomes/Viento/Prefabs/Props/Abrevadero.prefab,308,1,0
Viento,Props,Cubo,Biomes/Viento/Prefabs/Props/Cubo.prefab,496,2,1
Viento,Props,Saco,Biomes/Viento/Prefabs/Props/Saco.prefab,704,1,0
Viento,Props,Escalera,Biomes/Viento/Prefabs/Props/Escalera.prefab,1368,1,0
Viento,Props,Puesto_Sencillo,Biomes/Viento/Prefabs/Props/Puesto_Sencillo.prefab,660,1,0
Viento,Props,Jardinera,Biomes/Viento/Prefabs/Props/Jardinera.prefab,748,1,0
Viento,Props,Cama,Biomes/Viento/Prefabs/Props/Cama.prefab,220,1,0
Viento,Props,Armario,Biomes/Viento/Prefabs/Props/Armario.prefab,1232,3,2
Viento,Props,Cofre,Biomes/Viento/Prefabs/Props/Cofre.prefab,264,2,1
Viento,Props,Mesa_Interior,Biomes/Viento/Prefabs/Props/Mesa_Interior.prefab,220,1,0
Viento,Props,Estanteria,Biomes/Viento/Prefabs/Props/Estanteria.prefab,264,1,0
Viento,Props,Mostrador,Biomes/Viento/Prefabs/Props/Mostrador.prefab,88,1,0
Viento,Props,Cocina,Biomes/Viento/Prefabs/Props/Cocina.prefab,556,1,0
Viento,Props,Alfombra,Biomes/Viento/Prefabs/Props/Alfombra.prefab,44,1,0
Viento,Props,Puerta,Biomes/Viento/Prefabs/Props/Puerta.prefab,484,1,1
Viento,Props,Contraventana,Biomes/Viento/Prefabs/Props/Contraventana.prefab,264,1,1
Viento,Props,Trampilla,Biomes/Viento/Prefabs/Props/Trampilla.prefab,44,1,1
Viento,Props,Veleta,Biomes/Viento/Prefabs/Props/Veleta.prefab,336,2,1
Viento,Sistemas,Portal,Biomes/Viento/Prefabs/Sistemas/Portal.prefab,476,2,1
Viento,Sistemas,Altar_Sacrificio,Biomes/Viento/Prefabs/Sistemas/Altar_Sacrificio.prefab,520,2,0
Viento,Sistemas,Forja,Biomes/Viento/Prefabs/Sistemas/Forja.prefab,176,2,1
Viento,Sistemas,Yunque,Biomes/Viento/Prefabs/Sistemas/Yunque.prefab,132,1,0
Viento,Sistemas,Entrenamiento,Biomes/Viento/Prefabs/Sistemas/Entrenamiento.prefab,364,2,1
Viento,Sistemas,Vitrina,Biomes/Viento/Prefabs/Sistemas/Vitrina.prefab,132,2,1
Viento,Sistemas,Expositor_Armas,Biomes/Viento/Prefabs/Sistemas/Expositor_Armas.prefab,396,1,0
Viento,Sistemas,Pedestal_Trofeo,Biomes/Viento/Prefabs/Sistemas/Pedestal_Trofeo.prefab,288,1,0
Viento,Sistemas,Fuente_Purificacion,Biomes/Viento/Prefabs/Sistemas/Fuente_Purificacion.prefab,816,2,0
Viento,Sistemas,Jardin_Memorias,Biomes/Viento/Prefabs/Sistemas/Jardin_Memorias.prefab,308,2,0
